trade_id,signal_id,setup_id,code,name,signal_date,pullback_date,trigger_date,entry_date,entry_price,entry_adjusted_price,entry_adj_factor,entry_adj_offset,stop_price,stop_adjusted_price,target_price,target_adjusted_price,exit_date,exit_price,exit_adjusted_price,exit_adj_factor,exit_adj_offset,exit_reason,gross_return,net_return,r_multiple,holding_days,round_trip_cost,status,invalid_reason,original_trade_id,audit_category,original_status,original_invalid_reason
STOCK_RS_PULLBACK_v1:000034.SZ:2015-11-09:2015-11-10,STOCK_RS_PULLBACK_v1:000034.SZ:2015-11-06:2015-11-09:triggered,STOCK_RS_PULLBACK_v1,000034.SZ,神州数码,2015-11-09,2015-11-06,2015-11-09,2015-11-10,17.4,10.92,0.7150374174438137,-1.5230738294631525,16.604828698207413,10.35,18.996311938501435,12.06,2015-11-11,19.58,12.476398305084745,0.7132312739201746,-1.4886700382722733,target_2r,0.14252731731545287,0.14052731731545287,2.730523342253937,2,0.002,valid_trade,,STOCK_RS_PULLBACK_v1:000034.SZ:2015-11-09:invalid,invalid_trade,invalid_trade,invalid_limit_up_cannot_buy
STOCK_RS_PULLBACK_v1:000060.SZ:2007-02-15:2007-02-16,STOCK_RS_PULLBACK_v1:000060.SZ:2007-02-13:2007-02-15:triggered,STOCK_RS_PULLBACK_v1,000060.SZ,中金岭南,2007-02-15,2007-02-13,2007-02-15,2007-02-16,24.22,3.96,0.21966794380587484,-1.3599872286079187,22.351860465116278,3.55,27.951220930232562,4.78,2007-03-08,25.3,4.200104276756147,0.21947438878320275,-1.3525977594588818,max_holding_exit,0.06063239312023927,0.05863239312023927,0.5856201872101154,10,0.002,valid_trade,,STOCK_RS_PULLBACK_v1:000060.SZ:2007-02-15:2007-02-16,max_holding_exit,valid_trade,
STOCK_RS_PULLBACK_v1:000519.SZ:2019-08-30:2019-09-02,STOCK_RS_PULLBACK_v1:000519.SZ:2019-08-29:2019-08-30:triggered,STOCK_RS_PULLBACK_v1,000519.SZ,中兵红箭,2019-08-30,2019-08-29,2019-08-30,2019-09-02,9.86,9.63,0.9999999999999997,-0.22999999999999687,9.280000000000001,9.05,11.020000000000001,10.790000000000001,2019-09-16,9.9,9.67,0.9999999999999971,-0.229999999999972,max_holding_exit,0.004153686396676903,0.0021536863966769033,0.06896551724137784,10,0.002,valid_trade,,STOCK_RS_PULLBACK_v1:000519.SZ:2019-08-30:2019-09-02,max_holding_exit,valid_trade,
STOCK_RS_PULLBACK_v1:000528.SZ:2024-06-12:2024-06-13,STOCK_RS_PULLBACK_v1:000528.SZ:2024-06-11:2024-06-12:triggered,STOCK_RS_PULLBACK_v1,000528.SZ,柳,2024-06-12,2024-06-11,2024-06-12,2024-06-13,11.44,10.64,1.000000000000001,-0.8000000000000114,10.93,10.13,12.459999999999997,11.66,2024-06-18,10.93,10.13,1.0000000000000002,-0.8000000000000007,stop_loss,-0.047932330827067604,-0.049932330827067606,-1.0,4,0.002,valid_trade,,STOCK_RS_PULLBACK_v1:000528.SZ:2024-06-12:2024-06-13,stop_loss,valid_trade,
STOCK_RS_PULLBACK_v1:000723.SZ:2020-01-14:2020-01-15,STOCK_RS_PULLBACK_v1:000723.SZ:2020-01-13:2020-01-14:triggered,STOCK_RS_PULLBACK_v1,000723.SZ,美锦能源,2020-01-14,2020-01-13,2020-01-14,2020-01-15,9.39,9.19,0.9999999999999962,-0.19999999999996554,9.200000000000001,9.0,9.770000000000001,9.569999999999999,2020-01-16,9.15,8.949999999999998,1.0000000000000064,-0.20000000000006146,stop_loss,-0.02611534276387395,-0.02811534276387395,-1.2631578947368558,2,0.002,valid_trade,,STOCK_RS_PULLBACK_v1:000723.SZ:2020-01-14:2020-01-15,stop_loss,valid_trade,
STOCK_RS_PULLBACK_v1:000960.SZ:2007-08-22:2007-08-23,STOCK_RS_PULLBACK_v1:000960.SZ:2007-08-20:2007-08-22:triggered,STOCK_RS_PULLBACK_v1,000960.SZ,锡业股份,2007-08-22,2007-08-20,2007-08-22,2007-08-23,56.13,34.32,0.6114907275220254,-0.003394632087470484,47.51240423517459,29.05,73.36725254018104,44.86,2007-08-29,59.25,36.22871985239203,0.6111408865263803,0.01862232570400124,time_stop_no_upside_progress,0.05561538031445323,0.05361538031445323,0.36218593024516743,5,0.002,valid_trade,,STOCK_RS_PULLBACK_v1:000960.SZ:2007-08-22:2007-08-23,time_stop_no_upside_progress,valid_trade,
STOCK_RS_PULLBACK_v1:000960.SZ:2010-01-11:2010-01-12,STOCK_RS_PULLBACK_v1:000960.SZ:2010-01-08:2010-01-11:triggered,STOCK_RS_PULLBACK_v1,000960.SZ,锡业股份,2010-01-11,2010-01-08,2010-01-11,2010-01-12,36.1,26.57,0.7286852172090323,0.2642524760258489,32.998813419150686,24.31,42.30324260184821,31.090000000000003,2010-01-13,33.012714829586656,24.31,0.7329989036909079,0.11171622205240084,stop_loss,-0.08505833646970273,-0.08705833646970274,-1.0,2,0.002,valid_trade,,STOCK_RS_PULLBACK_v1:000960.SZ:2010-01-11:2010-01-12,stop_loss,valid_trade,
STOCK_RS_PULLBACK_v1:002052.SZ:2015-02-09:2015-02-10,STOCK_RS_PULLBACK_v1:002052.SZ:2015-02-04:2015-02-09:triggered,STOCK_RS_PULLBACK_v1,002052.SZ,同洲电子,2015-02-09,2015-02-04,2015-02-09,2015-02-10,11.86,11.86,1.0,0.0,11.33,11.33,12.919999999999998,12.919999999999998,2015-03-02,12.5,12.5,1.0,0.0,max_holding_exit,0.053962900505902134,0.05196290050590213,1.2075471698113234,10,0.002,valid_trade,,STOCK_RS_PULLBACK_v1:002052.SZ:2015-02-09:2015-02-10,max_holding_exit,valid_trade,
STOCK_RS_PULLBACK_v1:002142.SZ:2025-01-23:2025-01-24,STOCK_RS_PULLBACK_v1:002142.SZ:2025-01-22:2025-01-23:triggered,STOCK_RS_PULLBACK_v1,002142.SZ,宁波银行,2025-01-23,2025-01-22,2025-01-23,2025-01-24,25.8,23.7,1.0000000000000029,-2.100000000000076,25.310000000000002,23.21,26.779999999999994,24.679999999999996,2025-02-06,25.31,23.21,1.0000000000000027,-2.1000000000000654,stop_loss,-0.020675105485231993,-0.022675105485231994,-1.0,4,0.002,valid_trade,,STOCK_RS_PULLBACK_v1:002142.SZ:2025-01-23:2025-01-24,stop_loss,valid_trade,
STOCK_RS_PULLBACK_v1:002153.SZ:2017-11-28:2017-11-29,STOCK_RS_PULLBACK_v1:002153.SZ:2017-11-27:2017-11-28:triggered,STOCK_RS_PULLBACK_v1,002153.SZ,石基信息,2017-11-28,2017-11-27,2017-11-28,2017-11-29,29.88,11.57,0.39278131634819613,-0.16738853503187023,27.133135135135138,10.49,35.38199999999999,13.73,2017-12-05,27.129000603037113,10.49,0.3921614997635125,-0.14894956357226974,stop_loss,-0.09334485738980125,-0.09534485738980125,-1.0,5,0.002,valid_trade,,STOCK_RS_PULLBACK_v1:002153.SZ:2017-11-28:2017-11-29,stop_loss,valid_trade,
STOCK_RS_PULLBACK_v1:002271.SZ:2020-01-16:2020-01-17,STOCK_RS_PULLBACK_v1:002271.SZ:2020-01-14:2020-01-16:triggered,STOCK_RS_PULLBACK_v1,002271.SZ,东方雨虹,2020-01-16,2020-01-14,2020-01-16,2020-01-17,28.49,15.04,0.6689943300507327,-4.018157564906041,26.514660540636985,13.72,32.43399321973412,17.679999999999996,2020-01-23,27.17,14.16245265000796,0.6688683749801042,-4.010701098201473,time_stop_no_upside_progress,-0.05834756316436429,-0.06034756316436429,-0.664808598478818,5,0.002,valid_trade,,STOCK_RS_PULLBACK_v1:002271.SZ:2020-01-16:2020-01-17,time_stop_no_upside_progress,valid_trade,
STOCK_RS_PULLBACK_v1:002283.SZ:2020-07-30:2020-07-31,STOCK_RS_PULLBACK_v1:002283.SZ:2020-07-29:2020-07-30:triggered,STOCK_RS_PULLBACK_v1,002283.SZ,天润工业,2020-07-30,2020-07-29,2020-07-30,2020-07-31,6.93,6.03,0.9999999999999991,-0.8999999999999932,6.419999999999998,5.52,7.950000000000002,7.050000000000002,2020-08-13,7.1,6.2,1.0000000000000007,-0.9000000000000039,max_holding_exit,0.028192371475953548,0.026192371475953546,0.33333333333333276,10,0.002,valid_trade,,STOCK_RS_PULLBACK_v1:002283.SZ:2020-07-30:2020-07-31,max_holding_exit,valid_trade,
STOCK_RS_PULLBACK_v1:002404.SZ:2015-12-18:2015-12-21,STOCK_RS_PULLBACK_v1:002404.SZ:2015-12-14:2015-12-18:triggered,STOCK_RS_PULLBACK_v1,002404.SZ,嘉欣丝绸,2015-12-18,2015-12-14,2015-12-18,2015-12-21,11.55,9.17,1.000000000000004,-2.380000000000047,10.900000000000002,8.52,12.849999999999996,10.47,2015-12-25,11.1,8.719999999999999,0.9999999999999937,-2.3799999999999297,time_stop_no_upside_progress,-0.04907306434024006,-0.05107306434024006,-0.6923076923076936,5,0.002,valid_trade,,STOCK_RS_PULLBACK_v1:002404.SZ:2015-12-18:2015-12-21,time_stop_no_upside_progress,valid_trade,
STOCK_RS_PULLBACK_v1:002407.SZ:2020-12-18:2020-12-21,STOCK_RS_PULLBACK_v1:002407.SZ:2020-12-17:2020-12-18:triggered,STOCK_RS_PULLBACK_v1,002407.SZ,多氟多,2020-12-18,2020-12-17,2020-12-18,2020-12-21,17.2,10.8,0.7136752136752129,-1.4747863247863098,15.994371257485025,9.94,19.609461077844315,12.520000000000003,2020-12-22,19.61292670832094,12.520000000000005,0.7113729363623528,-1.4321052631578777,target_2r,0.15925925925925966,0.15725925925925965,2.000000000000002,2,0.002,valid_trade,,STOCK_RS_PULLBACK_v1:002407.SZ:2020-12-18:2020-12-21,target_2r,valid_trade,
STOCK_RS_PULLBACK_v1:002444.SZ:2024-03-29:2024-04-01,STOCK_RS_PULLBACK_v1:002444.SZ:2024-03-26:2024-03-29:triggered,STOCK_RS_PULLBACK_v1,002444.SZ,巨星科技,2024-03-29,2024-03-26,2024-03-29,2024-04-01,25.66,24.41,1.0,-1.25,24.16,22.91,28.66,27.41,2024-04-16,26.72,25.47,1.0,-1.25,max_holding_exit,0.04342482589102814,0.04142482589102814,0.7066666666666658,10,0.002,valid_trade,,STOCK_RS_PULLBACK_v1:002444.SZ:2024-03-29:2024-04-01,max_holding_exit,valid_trade,
STOCK_RS_PULLBACK_v1:002564.SZ:2015-11-20:2015-11-23,STOCK_RS_PULLBACK_v1:002564.SZ:2015-11-18:2015-11-20:triggered,STOCK_RS_PULLBACK_v1,002564.SZ,天沃科技,2015-11-20,2015-11-18,2015-11-20,2015-11-23,10.2,10.19,1.0,-0.009999999999999787,9.32,9.31,11.959999999999997,11.949999999999998,2015-12-04,11.42,11.409999999999998,0.9999999999999999,-0.009999999999999787,max_holding_exit,0.11972522080471037,0.11772522080471037,1.3863636363636367,10,0.002,valid_trade,,STOCK_RS_PULLBACK_v1:002564.SZ:2015-11-20:2015-11-23,max_holding_exit,valid_trade,
STOCK_RS_PULLBACK_v1:002601.SZ:2016-02-22:2016-02-23,STOCK_RS_PULLBACK_v1:002601.SZ:2016-02-16:2016-02-22:triggered,STOCK_RS_PULLBACK_v1,002601.SZ,龙佰集团,2016-02-22,2016-02-16,2016-02-22,2016-02-23,46.33,4.32,0.28656122974244297,-8.951900527184629,39.92829224479683,2.49,59.08650148662041,7.98,2016-02-26,39.92432392996109,2.49,0.28603227601558157,-8.92964524207012,stop_loss,-0.42361111111111105,-0.42561111111111105,-1.0,4,0.002,valid_trade,,STOCK_RS_PULLBACK_v1:002601.SZ:2016-02-22:2016-02-23,extreme_loss,valid_trade,
STOCK_RS_PULLBACK_v1:002821.SZ:2020-02-12:2020-02-13,STOCK_RS_PULLBACK_v1:002821.SZ:2020-02-11:2020-02-12:triggered,STOCK_RS_PULLBACK_v1,002821.SZ,凯莱英,2020-02-12,2020-02-11,2020-02-12,2020-02-13,165.0,110.5,0.7143527956680522,-7.3684304081415775,155.99915207712738,104.07,183.0026160755573,123.36000000000001,2020-02-18,183.00488095813108,123.36000000000001,0.7141544097831798,-7.333742748095176,target_2r,0.11638009049773768,0.11438009049773767,2.0,4,0.002,valid_trade,,STOCK_RS_PULLBACK_v1:002821.SZ:2020-02-12:2020-02-13,target_2r,valid_trade,
STOCK_RS_PULLBACK_v1:300001.SZ:2026-05-18:2026-05-19,STOCK_RS_PULLBACK_v1:300001.SZ:2026-05-15:2026-05-18:triggered,STOCK_RS_PULLBACK_v1,300001.SZ,特锐德,2026-05-18,2026-05-15,2026-05-18,2026-05-19,38.0,37.8,0.9999999999999997,-0.19999999999998863,35.830000000000005,35.63,42.33999999999999,42.139999999999986,2026-06-01,37.83,37.83,1.0,0.0,max_holding_exit,0.0007936507936507908,-0.0012063492063492092,0.013824884792627286,10,0.002,valid_trade,,STOCK_RS_PULLBACK_v1:300001.SZ:2026-05-18:2026-05-19,max_holding_exit,valid_trade,
STOCK_RS_PULLBACK_v1:300039.SZ:2022-02-18:2022-02-21,STOCK_RS_PULLBACK_v1:300039.SZ:2022-02-16:2022-02-18:triggered,STOCK_RS_PULLBACK_v1,300039.SZ,上海凯宝,2022-02-18,2022-02-16,2022-02-18,2022-02-21,7.08,6.64,1.0000000000000009,-0.4400000000000075,6.750000000000001,6.31,7.74,7.3,2022-02-22,7.739999999999999,7.3,0.9999999999999988,-0.43999999999998973,target_2r,0.09939759036144591,0.09739759036144591,2.0,2,0.002,valid_trade,,STOCK_RS_PULLBACK_v1:300039.SZ:2022-02-18:invalid,invalid_trade,invalid_trade,invalid_limit_up_cannot_buy
STOCK_RS_PULLBACK_v1:300137.SZ:2015-05-21:2015-05-22,STOCK_RS_PULLBACK_v1:300137.SZ:2015-05-19:2015-05-21:triggered,STOCK_RS_PULLBACK_v1,300137.SZ,先河环保,2015-05-21,2015-05-19,2015-05-21,2015-05-22,24.57,14.88,0.6252988008455319,-0.4837942274639868,22.52330279287249,13.6,28.66436686465312,17.440000000000005,2015-05-29,22.37,13.507822787780805,0.6258230224644395,-0.4918382247487081,time_stop_no_upside_progress,-0.09221621049860185,-0.09421621049860185,-1.0720134470462457,6,0.002,valid_trade,,STOCK_RS_PULLBACK_v1:300137.SZ:2015-05-21:2015-05-22,time_stop_no_upside_progress,valid_trade,
STOCK_RS_PULLBACK_v1:300285.SZ:2021-06-10:2021-06-11,STOCK_RS_PULLBACK_v1:300285.SZ:2021-06-09:2021-06-10:triggered,STOCK_RS_PULLBACK_v1,300285.SZ,国瓷材料,2021-06-10,2021-06-09,2021-06-10,2021-06-11,52.5,51.89,0.9999999999999999,-0.6099999999999994,50.21000000000001,49.6,57.080000000000005,56.47,2021-06-15,50.21,49.6,1.0,-0.6099999999999994,stop_loss,-0.04413181730583926,-0.04613181730583926,-1.0,2,0.002,valid_trade,,STOCK_RS_PULLBACK_v1:300285.SZ:2021-06-10:2021-06-11,stop_loss,valid_trade,
STOCK_RS_PULLBACK_v1:300331.SZ:2026-01-12:2026-01-13,STOCK_RS_PULLBACK_v1:300331.SZ:2026-01-09:2026-01-12:triggered,STOCK_RS_PULLBACK_v1,300331.SZ,苏大维格,2026-01-12,2026-01-09,2026-01-12,2026-01-13,43.0,43.0,1.0,0.0,40.21,40.21,48.58,48.58,2026-01-14,40.21,40.21,1.0,0.0,stop_loss,-0.06488372093023254,-0.06688372093023254,-1.0,2,0.002,valid_trade,,STOCK_RS_PULLBACK_v1:300331.SZ:2026-01-12:2026-01-13,stop_loss,valid_trade,
STOCK_RS_PULLBACK_v1:300655.SZ:2025-09-23:2025-09-24,STOCK_RS_PULLBACK_v1:300655.SZ:2025-09-22:2025-09-23:triggered,STOCK_RS_PULLBACK_v1,300655.SZ,晶瑞电材,2025-09-23,2025-09-22,2025-09-23,2025-09-24,14.35,13.65,0.9503732022574185,0.01156708538139739,13.298389395448622,12.65,16.455044057926592,15.65,2025-10-13,16.45837000490316,15.649999999999999,0.9514534798962014,-0.009373414584374018,target_2r,0.14652014652014644,0.14452014652014644,1.9999999999999982,8,0.002,valid_trade,,STOCK_RS_PULLBACK_v1:300655.SZ:2025-09-23:2025-09-24,target_2r,valid_trade,
STOCK_RS_PULLBACK_v1:300925.SZ:2024-09-24:2024-09-25,STOCK_RS_PULLBACK_v1:300925.SZ:2024-09-18:2024-09-24:triggered,STOCK_RS_PULLBACK_v1,300925.SZ,法本信息,2024-09-24,2024-09-18,2024-09-24,2024-09-25,17.5,17.39,1.0000000000000002,-0.11000000000000298,11.450000000000001,11.34,29.599999999999998,29.490000000000002,2024-10-09,29.6,29.490000000000002,1.0000000000000002,-0.11000000000000654,target_2r,0.6958021851638874,0.6938021851638874,2.0,6,0.002,valid_trade,,STOCK_RS_PULLBACK_v1:300925.SZ:2024-09-24:2024-09-25,extreme_gain,valid_trade,
STOCK_RS_PULLBACK_v1:600031.SH:2020-04-17:2020-04-20,STOCK_RS_PULLBACK_v1:600031.SH:2020-04-16:2020-04-17:triggered,STOCK_RS_PULLBACK_v1,600031.SH,三一重工,2020-04-17,2020-04-16,2020-04-17,2020-04-20,19.8,17.28,1.0,-2.5199999999999996,18.82,16.3,21.76,19.240000000000002,2020-04-24,19.2,16.679999999999996,0.9999999999999919,-2.519999999999847,time_stop_no_upside_progress,-0.03472222222222254,-0.036722222222222545,-0.6122448979591885,5,0.002,valid_trade,,STOCK_RS_PULLBACK_v1:600031.SH:2020-04-17:2020-04-20,time_stop_no_upside_progress,valid_trade,
STOCK_RS_PULLBACK_v1:600037.SH:2015-05-21:2015-05-22,STOCK_RS_PULLBACK_v1:600037.SH:2015-05-14:2015-05-21:triggered,STOCK_RS_PULLBACK_v1,600037.SH,歌华有线,2015-05-21,2015-05-14,2015-05-21,2015-05-22,36.57,34.75,1.0000000000000018,-1.8200000000000571,31.2,29.38,47.309999999999974,45.49,2015-05-29,36.05,34.23,1.0,-1.8200000000000003,time_stop_no_upside_progress,-0.014964028776978555,-0.016964028776978557,-0.09683426443203036,6,0.002,valid_trade,,STOCK_RS_PULLBACK_v1:600037.SH:2015-05-21:2015-05-22,time_stop_no_upside_progress,valid_trade,
STOCK_RS_PULLBACK_v1:600096.SH:2022-07-01:2022-07-04,STOCK_RS_PULLBACK_v1:600096.SH:2022-06-29:2022-07-01:triggered,STOCK_RS_PULLBACK_v1,600096.SH,云天化,2022-07-01,2022-06-29,2022-07-01,2022-07-04,33.51,28.71,1.0000000000000002,-4.800000000000004,30.58,25.78,39.37,34.57,2022-07-08,31.44,26.64,0.9999999999999998,-4.799999999999994,time_stop_no_upside_progress,-0.07210031347962387,-0.07410031347962387,-0.7064846416382254,5,0.002,valid_trade,,STOCK_RS_PULLBACK_v1:600096.SH:2022-07-01:2022-07-04,time_stop_no_upside_progress,valid_trade,
STOCK_RS_PULLBACK_v1:600114.SH:2020-01-09:2020-01-10,STOCK_RS_PULLBACK_v1:600114.SH:2020-01-07:2020-01-09:triggered,STOCK_RS_PULLBACK_v1,600114.SH,东睦股份,2020-01-09,2020-01-07,2020-01-09,2020-01-10,10.77,9.47,1.0,-1.299999999999999,9.12,7.82,14.07,12.770000000000001,2020-01-20,14.07,12.770000000000001,0.9999999999999984,-1.2999999999999776,target_2r,0.34846884899683217,0.34646884899683217,2.0,7,0.002,valid_trade,,STOCK_RS_PULLBACK_v1:600114.SH:2020-01-09:2020-01-10,target_2r,valid_trade,
STOCK_RS_PULLBACK_v1:600216.SH:2016-02-16:2016-02-17,STOCK_RS_PULLBACK_v1:600216.SH:2016-02-05:2016-02-16:triggered,STOCK_RS_PULLBACK_v1,600216.SH,浙江医药,2016-02-16,2016-02-05,2016-02-16,2016-02-17,12.59,9.64,0.9999999999999953,-2.9499999999999407,11.949999999999996,9.0,13.870000000000006,10.920000000000002,2016-02-29,11.95,9.0,1.0,-2.9499999999999993,stop_loss,-0.06639004149377603,-0.06839004149377603,-1.0,9,0.002,valid_trade,,STOCK_RS_PULLBACK_v1:600216.SH:2016-02-16:2016-02-17,stop_loss,valid_trade,
STOCK_RS_PULLBACK_v1:600221.SH:2010-02-03:2010-02-04,STOCK_RS_PULLBACK_v1:600221.SH:2010-02-02:2010-02-03:triggered,STOCK_RS_PULLBACK_v1,600221.SH,海航控股,2010-02-03,2010-02-02,2010-02-03,2010-02-04,7.41,3.44,0.4975023913274526,-0.24936231267935094,7.013759880367443,3.24,8.219784234138004,3.8399999999999994,2010-02-05,8.215522908366532,3.8399999999999994,0.4989563661663854,-0.25918745651525965,target_2r,0.11627906976744162,0.11427906976744162,2.0,2,0.002,valid_trade,,STOCK_RS_PULLBACK_v1:600221.SH:2010-02-03:invalid,invalid_trade,invalid_trade,invalid_limit_up_cannot_buy
STOCK_RS_PULLBACK_v1:600229.SH:2015-05-13:2015-05-14,STOCK_RS_PULLBACK_v1:600229.SH:2015-05-11:2015-05-13:triggered,STOCK_RS_PULLBACK_v1,600229.SH,城市传媒,2015-05-13,2015-05-11,2015-05-13,2015-05-14,21.7,20.07,1.0000000000000009,-1.6300000000000203,20.200000000000003,18.57,24.7,23.07,2015-05-15,24.699999999999996,23.07,0.9999999999999987,-1.6299999999999635,target_2r,0.14947683109118093,0.14747683109118093,2.0,2,0.002,valid_trade,,STOCK_RS_PULLBACK_v1:600229.SH:2015-05-13:invalid,invalid_trade,invalid_trade,invalid_limit_up_cannot_buy
STOCK_RS_PULLBACK_v1:600295.SH:2021-02-24:2021-02-25,STOCK_RS_PULLBACK_v1:600295.SH:2021-02-10:2021-02-24:triggered,STOCK_RS_PULLBACK_v1,600295.SH,鄂尔多斯,2021-02-24,2021-02-10,2021-02-24,2021-02-25,18.9,5.4,0.5109054708357845,-4.256805737816194,12.48138080687304,2.12,31.741303750941057,11.96,2021-03-03,24.45,8.22998610680889,0.5096224916349495,-4.2302838136656264,time_stop_no_upside_progress,0.5240715012609056,0.5220715012609056,0.8628006423197836,5,0.002,valid_trade,,STOCK_RS_PULLBACK_v1:600295.SH:2021-02-24:2021-02-25,extreme_gain,valid_trade,
STOCK_RS_PULLBACK_v1:600397.SH:2026-01-19:2026-01-20,STOCK_RS_PULLBACK_v1:600397.SH:2026-01-14:2026-01-19:triggered,STOCK_RS_PULLBACK_v1,600397.SH,江钨装备,2026-01-19,2026-01-14,2026-01-19,2026-01-20,10.18,10.18,1.0,0.0,9.09,9.09,12.36,12.36,2026-01-26,10.94,10.94,1.0,0.0,time_stop_no_upside_progress,0.07465618860510803,0.07265618860510803,0.6972477064220183,5,0.002,valid_trade,,STOCK_RS_PULLBACK_v1:600397.SH:2026-01-19:2026-01-20,time_stop_no_upside_progress,valid_trade,
STOCK_RS_PULLBACK_v1:600406.SH:2015-03-16:2015-03-17,STOCK_RS_PULLBACK_v1:600406.SH:2015-03-12:2015-03-16:triggered,STOCK_RS_PULLBACK_v1,600406.SH,国电南瑞,2015-03-16,2015-03-12,2015-03-16,2015-03-17,16.9,6.18,0.5794392523364483,-3.6119392523364446,16.312217741935484,5.84,18.072540322580647,6.859999999999999,2015-03-20,18.07345577386037,6.859999999999999,0.570510832484162,-3.451102299410765,target_2r,0.11003236245954695,0.10803236245954695,2.0,4,0.002,valid_trade,,STOCK_RS_PULLBACK_v1:600406.SH:2015-03-16:2015-03-17,target_2r,valid_trade,
STOCK_RS_PULLBACK_v1:600498.SH:2025-12-25:2025-12-26,STOCK_RS_PULLBACK_v1:600498.SH:2025-12-24:2025-12-25:triggered,STOCK_RS_PULLBACK_v1,600498.SH,烽火通信,2025-12-25,2025-12-24,2025-12-25,2025-12-26,27.7,27.6,1.0000000000000009,-0.10000000000002274,26.729999999999997,26.63,29.640000000000004,29.540000000000006,2025-12-29,30.5,30.400000000000002,1.0000000000000007,-0.10000000000001918,target_2r,0.10144927536231885,0.09944927536231885,2.8865979381443236,2,0.002,valid_trade,,STOCK_RS_PULLBACK_v1:600498.SH:2025-12-25:2025-12-26,target_2r,valid_trade,
STOCK_RS_PULLBACK_v1:600550.SH:2009-04-09:2009-04-10,STOCK_RS_PULLBACK_v1:600550.SH:2009-04-01:2009-04-09:triggered,STOCK_RS_PULLBACK_v1,600550.SH,保变电气,2009-04-09,2009-04-01,2009-04-09,2009-04-10,37.0,32.81,0.8468249514153339,1.475153778008611,33.696274742849646,30.01,43.61568014766292,38.410000000000004,2009-04-23,36.24,32.33220432197412,0.8470032681150008,1.6368058854864849,max_holding_exit,-0.014562501616150136,-0.016562501616150138,-0.17064131358067308,10,0.002,valid_trade,,STOCK_RS_PULLBACK_v1:600550.SH:2009-04-09:2009-04-10,max_holding_exit,valid_trade,
STOCK_RS_PULLBACK_v1:600621.SH:2019-03-06:2019-03-07,STOCK_RS_PULLBACK_v1:600621.SH:2019-03-05:2019-03-06:triggered,STOCK_RS_PULLBACK_v1,600621.SH,华鑫股份,2019-03-06,2019-03-05,2019-03-06,2019-03-07,13.53,12.87,1.0000000000000004,-0.6600000000000055,12.35,11.69,15.889999999999997,15.229999999999999,2019-03-11,12.35,11.69,1.0,-0.6600000000000001,stop_loss,-0.09168609168609165,-0.09368609168609165,-1.0,3,0.002,valid_trade,,STOCK_RS_PULLBACK_v1:600621.SH:2019-03-06:2019-03-07,stop_loss,valid_trade,
STOCK_RS_PULLBACK_v1:600640.SH:2016-09-20:2016-09-21,STOCK_RS_PULLBACK_v1:600640.SH:2016-09-19:2016-09-20:triggered,STOCK_RS_PULLBACK_v1,600640.SH,国脉文化,2016-09-20,2016-09-19,2016-09-20,2016-09-21,20.68,20.4,1.0,-0.28000000000000114,19.82,19.54,22.4,22.119999999999997,2016-09-23,22.4,22.119999999999997,0.9999999999999989,-0.27999999999997627,target_2r,0.084313725490196,0.082313725490196,2.0,3,0.002,valid_trade,,STOCK_RS_PULLBACK_v1:600640.SH:2016-09-20:2016-09-21,target_2r,valid_trade,
STOCK_RS_PULLBACK_v1:600699.SH:2020-11-12:2020-11-13,STOCK_RS_PULLBACK_v1:600699.SH:2020-11-11:2020-11-12:triggered,STOCK_RS_PULLBACK_v1,600699.SH,均胜电子,2020-11-12,2020-11-11,2020-11-12,2020-11-13,26.86,25.91,1.0,-0.9499999999999993,25.2,24.25,30.18,29.23,2020-11-16,25.199999999999996,24.25,1.0,-0.9499999999999957,stop_loss,-0.06406792744114242,-0.06606792744114243,-1.0,2,0.002,valid_trade,,STOCK_RS_PULLBACK_v1:600699.SH:2020-11-12:2020-11-13,stop_loss,valid_trade,
STOCK_RS_PULLBACK_v1:600717.SH:2017-08-17:2017-08-18,STOCK_RS_PULLBACK_v1:600717.SH:2017-08-16:2017-08-17:triggered,STOCK_RS_PULLBACK_v1,600717.SH,天津港,2017-08-17,2017-08-16,2017-08-17,2017-08-18,13.01,6.76,0.5735457576880333,-0.7020155613190155,12.731356589147286,6.6,13.568255813953487,7.08,2017-08-23,12.72758426966292,6.6,0.5894039735099313,-0.9016887417218227,stop_loss,-0.023668639053254448,-0.02566863905325445,-1.0,4,0.002,valid_trade,,STOCK_RS_PULLBACK_v1:600717.SH:2017-08-17:2017-08-18,stop_loss,valid_trade,
STOCK_RS_PULLBACK_v1:600770.SH:2015-02-16:2015-02-17,STOCK_RS_PULLBACK_v1:600770.SH:2015-02-09:2015-02-16:triggered,STOCK_RS_PULLBACK_v1,600770.SH,综艺股份,2015-02-16,2015-02-09,2015-02-16,2015-02-17,12.97,12.97,1.0,0.0,11.81,11.81,15.290000000000001,15.290000000000001,2015-03-02,12.62,12.62,1.0,0.0,time_stop_no_upside_progress,-0.02698535080956066,-0.02898535080956066,-0.3017241379310357,5,0.002,valid_trade,,STOCK_RS_PULLBACK_v1:600770.SH:2015-02-16:2015-02-17,time_stop_no_upside_progress,valid_trade,
STOCK_RS_PULLBACK_v1:601012.SH:2017-11-06:2017-11-07,STOCK_RS_PULLBACK_v1:601012.SH:2017-11-03:2017-11-06:triggered,STOCK_RS_PULLBACK_v1,601012.SH,隆基绿能,2017-11-06,2017-11-03,2017-11-06,2017-11-07,34.29,8.98,0.27881257275902277,-0.5808556461001402,31.3861586638831,8.17,40.10169102296451,10.600000000000001,2017-11-13,41.04,10.870094911823102,0.2770506481877989,-0.5000636898041648,target_2r,0.21047827525869733,0.20847827525869733,2.333450508423581,5,0.002,valid_trade,,STOCK_RS_PULLBACK_v1:601012.SH:2017-11-06:2017-11-07,target_2r,valid_trade,
STOCK_RS_PULLBACK_v1:601059.SH:2023-08-03:2023-08-04,STOCK_RS_PULLBACK_v1:601059.SH:2023-08-02:2023-08-03:triggered,STOCK_RS_PULLBACK_v1,601059.SH,信达证券,2023-08-03,2023-08-02,2023-08-03,2023-08-04,18.71,18.51,1.0,-0.1999999999999993,16.87,16.67,22.39,22.19,2023-08-17,22.390000000000004,22.19,0.9999999999999998,-0.1999999999999993,target_2r,0.19881145326850347,0.19681145326850347,2.0,10,0.002,valid_trade,,STOCK_RS_PULLBACK_v1:601059.SH:2023-08-03:invalid,invalid_trade,invalid_trade,invalid_limit_up_cannot_buy
STOCK_RS_PULLBACK_v1:601668.SH:2023-03-13:2023-03-14,STOCK_RS_PULLBACK_v1:601668.SH:2023-03-08:2023-03-13:triggered,STOCK_RS_PULLBACK_v1,601668.SH,XD中国建,2023-03-13,2023-03-08,2023-03-13,2023-03-14,6.07,5.0,0.9999999999999969,-1.0699999999999807,5.9399999999999995,4.87,6.33,5.26,2023-03-15,5.94,4.87,1.0000000000000002,-1.0700000000000012,stop_loss,-0.026000000000000023,-0.028000000000000025,-1.0,2,0.002,valid_trade,,STOCK_RS_PULLBACK_v1:601668.SH:2023-03-13:2023-03-14,stop_loss,valid_trade,
STOCK_RS_PULLBACK_v1:601919.SH:2009-07-16:2009-07-17,STOCK_RS_PULLBACK_v1:601919.SH:2009-07-09:2009-07-16:triggered,STOCK_RS_PULLBACK_v1,601919.SH,中远海控,2009-07-16,2009-07-09,2009-07-16,2009-07-17,15.9,4.6,0.7623852452237199,-7.52036804234554,14.219016055543499,3.32,19.25583966153178,7.159999999999999,2009-07-28,19.227672372529803,7.159999999999999,0.7695532441107861,-7.636717650979645,target_2r,0.5565217391304347,0.5545217391304347,2.0,8,0.002,valid_trade,,STOCK_RS_PULLBACK_v1:601919.SH:2009-07-16:2009-07-17,extreme_gain,valid_trade,
STOCK_RS_PULLBACK_v1:603052.SH:2026-04-21:2026-04-22,STOCK_RS_PULLBACK_v1:603052.SH:2026-04-15:2026-04-21:triggered,STOCK_RS_PULLBACK_v1,603052.SH,可川科技,2026-04-21,2026-04-15,2026-04-21,2026-04-22,90.4,90.4,1.0,0.0,68.5,68.5,134.20000000000002,134.20000000000002,2026-04-28,84.94,84.94,1.0,0.0,time_stop_no_upside_progress,-0.06039823008849565,-0.062398230088495654,-0.249315068493151,5,0.002,valid_trade,,STOCK_RS_PULLBACK_v1:603052.SH:2026-04-21:2026-04-22,time_stop_no_upside_progress,valid_trade,
STOCK_RS_PULLBACK_v1:688018.SH:2026-05-06:2026-05-07,STOCK_RS_PULLBACK_v1:688018.SH:2026-04-30:2026-05-06:triggered,STOCK_RS_PULLBACK_v1,688018.SH,乐鑫科技,2026-05-06,2026-04-30,2026-05-06,2026-05-07,174.71,124.44,0.7140169299838929,-0.30642229000314103,166.4896409286609,118.57,191.15292167243436,136.18,2026-05-19,191.15737357534445,136.18,0.7142448811267168,-0.35317556581728127,target_2r,0.09434265509482498,0.09234265509482498,2.0,9,0.002,valid_trade,,STOCK_RS_PULLBACK_v1:688018.SH:2026-05-06:2026-05-07,target_2r,valid_trade,
STOCK_RS_PULLBACK_v1:688353.SH:2025-11-17:2025-11-18,STOCK_RS_PULLBACK_v1:688353.SH:2025-11-12:2025-11-17:triggered,STOCK_RS_PULLBACK_v1,688353.SH,华盛锂电,2025-11-17,2025-11-12,2025-11-17,2025-11-18,130.0,130.0,1.0,0.0,89.01,89.01,211.98,211.98,2025-11-24,93.4,93.4,1.0,0.0,time_stop_no_upside_progress,-0.2815384615384615,-0.2835384615384615,-0.8929007074896316,5,0.002,valid_trade,,STOCK_RS_PULLBACK_v1:688353.SH:2025-11-17:2025-11-18,extreme_loss,valid_trade,
STOCK_RS_PULLBACK_v1:688408.SH:2022-07-22:2022-07-25,STOCK_RS_PULLBACK_v1:688408.SH:2022-07-20:2022-07-22:triggered,STOCK_RS_PULLBACK_v1,688408.SH,中信博,2022-07-22,2022-07-20,2022-07-22,2022-07-25,112.0,73.51,0.672093566786178,-1.7638752691487412,97.01606813607978,63.44,141.9651667332564,93.65000000000002,2022-07-28,142.00989263346975,93.65000000000002,0.6711947674324893,-1.6662968592344782,target_2r,0.27397632975105446,0.27197632975105446,2.0,4,0.002,valid_trade,,STOCK_RS_PULLBACK_v1:688408.SH:2022-07-22:2022-07-25,target_2r,valid_trade,
